lieferanten_id,lieferanten_name,stadt,plz,offizielle_iban,median_betrag_eur,streuung
L001,Dowerg,,33218.0,DE61756828670787846415,2217.42,1.02
L002,Schäfer GmbH & Co. KG,Aurich,33890.0,DE82457889219019323607,249.6,1.21
L003,Gumprich,Füssen,94026.0,DE34416324838678344342,244.72,1.11
L004,Holsten Förster AG & Co. OHG,Burglengenfeld,61559.0,DE82145213734298312066,610.93,0.73
L005,Beyer Vollbrecht GmbH & Co. KG,Koblenz,84959.0,DE22868934974325316861,1341.28,0.8
L006,Tlustek AG,Stendal,41316.0,DE50877513549189056170,216.26,1.28
L007,Metz Schuster GmbH,Kemnath,34192.0,,2372.71,0.74
L008,Vollbrecht,Eberswalde,64835.0,DE23711364380199502979,-250.0,1.08
L009,Hein AG,Lobenstein,13953.0,DE27658313688646907154,2850.75,1.28
L010,  Ortmann  ,Sonneberg,24238.0,DE19547385530068574554,365.2,1.08
L011,Hesse,Roth,53287.0,DE77213923661111451556,612.13,1.13
L012,Wende AG,Döbeln,69166.0,DE34912001255188069942,1676.39,0.73
L013,Mosemann,Rastatt,123.0,DE24135847027624137434,1393.28,0.88
L014,Lübs Franke GmbH & Co. KG,Werdau,82814.0,DE88976553957418576735,2771.87,0.66
L015,  Patberg  ,Döbeln,28809.0,DE82464336225692250408,2546.04,1.12
L016,Niemeier Bähr AG,Hechingen,999999.0,DE80462586702520077080,1121.72,0.8
L017,Neureuther,Zeulenroda,27824.0,DE92591605710605264937,945.12,0.72
L018,auch Schlauchin,Freudenstadt,46578.0,DE62771578489443956211,2144.02,1.11
L019,Dussen van Hentschel GbR,,98393.0,DE42624414663978431978,1126.72,0.68
L020,Boucsein Stiftung & Co. KG,Geldern,5183.0,DE38931223102677045064,1392.4,0.67
L021,Staude Neureuther AG & Co. OHG,Wernigerode,37631.0,DE14640790371644658403,429.22,1.1
L022,Sorgatz GmbH & Co. KG,Lüneburg,70106.0,DE90563214082410667226,769.08,0.78
L023,Kambs,,38726.0,DE31494432263052273871,,0.62
L024,Holsten GmbH & Co. KG,Biedenkopf,81080.0,DE51707369728724921919,2695.63,0.93
L025,Weller GbR,Ludwigsburg,73602.0,DE62133310684893391333,807.93,0.89
L026,Adler Krebs GbR,Gütersloh,87234.0,DE68338419620982680612,2833.13,1.02
L027,Bohlander KG,Wolfratshausen,978.0,DE86412885628076547868,2794.72,1.17
L028,Franke,Olpe,21913.0,DE42460938803742894726,1413.08,0.75
L029,Dussen van Roskoth GbR,Schweinfurt,69985.0,,1654.88,1.17
L030,Haase Staude Stiftung & Co. KG,Gerolzhofen,,DE39638925681168799105,745.57,0.9
L031,Anders GmbH & Co. KG,,,DE38336857473696809705,969.96,0.72
L032,Koch II GmbH,,98084.0,DE06221952262082328894,728.55,0.68
L033,Döhn,Grimmen,18244.0,DE17332345109978080630,718.79,0.99
L034,Häring,Forchheim,87401.0,DE92953822568468739569,821.43,0.77
L035,Löchel,Bad Liebenwerda,52427.0,,958.56,0.8
L036,Trapp,Regen,,DE22342105126453957250,1280.23,0.62
L037,Säuberlich Rohleder AG & Co. KG,Dachau,45053.0,DE13156747192724518273,779.52,0.7
L038,Hering,Jülich,92322.0,DE85989176758528303776,1694.45,1.01
L039,Barth Gieß Stiftung & Co. KGaA,Lörrach,42160.0,DE66888269349630003601,2206.39,0.86
L040,Hartung Gute GmbH & Co. KG,Havelberg,30365.0,DE74413782917015956678,1244.57,1.17
L041,Bohnbach Wirth GbR,Sondershausen,85014.0,DE45834229910647326921,1016.68,0.73
L042,Salz GbR,Bützow,55698.0,DE20509101726494390211,2443.74,0.84
L043,Krause KG,Greiz,60883.0,DE25204219581707558824,1209.27,1.26
L044,Losekann Bohnbach OHG mbH,Schwäbisch Gmünd,14846.0,DE10637770240487365081,690.49,0.98
L045,Kusch Textor GmbH,Euskirchen,62994.0,DE75455812259571549447,2007.15,1.17
L046,Rogge Ackermann GmbH,Freital,99577.0,DE90814506118573844353,351.86,1.23
L047,Steuer Hamann GmbH & Co. OHG,Wittenberg,14895.0,DE16427978559400425463,1069.97,0.84
L048,Weitzel GbR,Garmisch-Partenkirchen,20037.0,DE33409481437644507256,2672.29,1.2
L049,Wilmsen,Miesbach,,DE38331013834334468323,1167.07,1.26
L050,Finke KGaA,Wolmirstedt,63287.0,DE10311047921219431314,549.56,0.98
L051,Roht GbR,Miesbach,78895.0,DE05288772370963229353,593.7,0.61
L052,Schmidtke Tschentscher GmbH & Co. OHG,Pößneck,27743.0,DE82654037965434002807,811.35,1.01
L053,  Hofmann  ,Schwäbisch Hall,47143.0,DE30535632372090541619,2684.78,1.04
L054,Käster Juncken KG,Dessau,36231.0,DE81682453452158809886,1963.7,1.07
L055,Ladeck Kabus KG,Lübeck,,DE50976927680988638204,2189.56,0.8
L056,Kramer,Altötting,46688.0,DE95896888950187276800,597.16,1.26
L057,Hartmann,Füssen,67065.0,DE53805602208224279925,2659.8,1.12
L058,Stiebitz,Wernigerode,72980.0,DE15768805482374107438,2902.63,1.27
L059,Scheel Rose OHG mbH,Borken,27204.0,DE95497690561653982165,637.46,0.79
L060,Junken Hahn GmbH & Co. KG,Husum,46417.0,DE78809952661695186922,2813.57,1.09
L061,  Weiß KG  ,Jena,10033.0,,690.04,1.07
L062,Scholtz AG & Co. KG,Cuxhaven,19374.0,DE07739812065386591871,1593.52,1.21
L063,Geisel auch Schlauchin KG,Eberswalde,19049.0,DE35311303430586784137,2131.25,0.85
L064,  Kohl  ,Weimar,19314.0,DE62630078367771146999,1305.76,0.78
L065,Schinke,Rehau,58651.0,DE57862945510350444348,1573.12,0.95
L066,Seifert,Anklam,71657.0,DE16832084927712870800,228.24,1.22
L067,Fliegner,Eisenberg,98776.0,DE05125037714698616642,1360.34,1.07
L068,Scheel,Hildburghausen,14737.0,DE21772276980665898682,1664.52,0.8
L069,Schmidt,Husum,75273.0,DE45815310655369788721,189.06,1.18
L070,Heser Karge GbR,Rathenow,83136.0,DE61806120219135655356,1033.82,1.18
L071,Röhricht Werner GbR,Spremberg,70143.0,DE88948907260834855904,1631.56,0.98
L072,Süßebier Henk GmbH,Naila,68557.0,DE56633860386512460412,2166.62,0.63
L073,  Jäkel Hermann GbR  ,Werdau,51823.0,DE25994738544631934903,812.51,0.73
L074,Warmer GmbH & Co. KGaA,Wernigerode,13435.0,DE31889112932957084556,1274.14,0.72
L075,Jacobi Jäckel AG,Gunzenhausen,8427.0,DE02108033289664719650,780.18,0.67
L076,Aumann KG,München,75204.0,DE92269538311202306933,1943.75,0.96
L077,Drewes Bolzmann GmbH,Bersenbrück,22941.0,DE95136993917430462301,1305.23,0.77
L078,Drubin KG,Schlüchtern,86774.0,DE98624960154356786873,1078.29,0.66
L079,Lorch,Ribnitz-Damgarten,91334.0,DE55117480141337509982,2577.94,1.09
L080,Butte,Gerolzhofen,81206.0,DE97332951796406441392,2436.19,0.84
